15
v1np51,Muzzall,Kerry,8 School Point,San Antonio,TX,78230,US,kmuzzall0@shareasale.com
yptw7k,Romao,Isis,401 Dahle Point,Wilkes Barre,PA,18706,US,iromao1@usgs.gov
qhif3t,Buer,Jeanelle,1 Reinke Lane,Santa Ana,CA,92705,US,jbuer2@noaa.gov
lqbb6u,Binney,Denyse,281 Tony Alley,Cumming,GA,30130,US,dbinney3@imageshack.us
ocdxpm,Corsar,Sarina,888 5th Pass,Bridgeport,CT,6673,US,scorsar4@google.co.uk
vl3663,Troak,Rivi,13 Pepper Wood Center,Minneapolis,MN,55446,US,rtroak5@ihg.com
9klaiz,Dugood,Dicky,798 Stone Corner Parkway,Santa Rosa,CA,95405,US,ddugood6@stumbleupon.com
aeoi3y,Netti,Ardyth,5 Anniversary Alley,Detroit,MI,48232,US,anetti7@amazonaws.com
fpair4,Fransman,Elvina,3662 Daystar Avenue,Knoxville,TN,37914,US,efransman8@opensource.org
nbycn0,Salt,Christine,247 Karstens Circle,Decatur,IL,62525,US,csalt9@irs.gov
24l7wy,Dewbury,Ware,080 Stang Place,Greensboro,NC,27404,US,wdewburya@tamu.edu
e578q5,Cabrera,Electra,9643 Del Sol Terrace,Phoenix,AZ,85083,US,ecabrerab@sciencedaily.com
qc3q82,Philbin,Max,3 Mifflin Parkway,Dallas,TX,75342,US,mphilbinc@creativecommons.org
fgs90e,Liptrot,Gerrard,32681 Carpenter Terrace,Merrifield,VA,22119,US,gliptrotd@webnode.com
cd4c0z,Swire,Hugh,911 Ridgeview Point,Portland,OR,97201,US,hswiree@hostgator.com
